"公司名","类型","总部","规模","目标客户","商业模式","定价模式","收入来源","核心产品","差异化亮点","覆盖范围","法国市场","技术架构","集成能力","获客渠道","竞争壁垒","劣势","人才体系"
"Oracle OPERA Cloud","全球头部PMS","美国德克萨斯州（Oracle总部）","Oracle集团约15万员工/全球PMS市场份额10%+/服务500+酒店集团","大型连锁酒店/豪华品牌/度假村集团","SaaS订阅+实施服务费+模块授权","按房间数/模块订阅/高端定制报价","SaaS年费+实施费+支持维护费","OPERA Cloud PMS/预订引擎/收益管理/餐饮管理/销售及宴会管理","全球最大PMS生态/与OTA和GDS无缝对接/Oracle企业级数据能力","全球5大洲/190+国","有法国本地销售和技术团队/服务希尔顿/万豪法国区","云原生SaaS/混合部署可选/Oracle Cloud基础设施","与所有主流OTA/GDS/支付/CRM系统集成","直销企业客户/行业展会(ITB/HITEC)/合作伙伴渠道","品牌信任+生态规模+数据互通能力","实施周期长(6-18个月)/中小酒店门槛高/定制成本高","Oracle全球学习平台/Oracle University认证/酒店专属培训体系"
"Cloudbeds","中小型酒店PMS","美国圣地亚哥","约700名员工/2024年营收约8500万美元/融资2.48亿美元(Series D)/覆盖150国","独立酒店/精品民宿/青旅/B&B","SaaS订阅","按房间数月度订阅/无实施费","SaaS月费","Cloudbeds PMS/渠道管理/预订引擎/收益管理/Signals AI模型","Signals AI驱动需求预测/统一平台一站式/独立酒店专属功能","150国/10,000+独立酒店","远程支持为主/无法国本地团队/法语界面支持","云原生/全SaaS/无本地部署","合作OTA/GDS/支付/CRM等300+集成","内容营销/SEO/App评级/行业合作","独立酒店数据积累/AI收益管理/快速上线(1-2周)","法国本地化服务弱/大型连锁支持不足","远程团队/工程+客服并重/Deloitte Fast 500技术文化"
"Mews","现代云端PMS（欧洲独角兽）","荷兰阿姆斯特丹","约1400名员工/2024年营收约2亿美元/估值12亿美元/融资超过3亿美元/覆盖85国","科技型连锁/精品酒店/The Social Hub/Strawberry等","SaaS订阅+支付佣金","按房间数月度订阅+Mews Payments交易佣金","SaaS年费+支付GPV佣金(年处理约80亿美元)","Mews PMS/预订引擎/Mews Payments/自助check-in/1000+Marketplace集成","1000+开放集成/支付一体化/云原生API/自助服务科技体验","85国/5500+酒店客户","法国标杆客户Airelles Collection/明确法国为重点扩张市场/法语支持","完全云原生/API优先/无本地部署","1000+集成/开放API/第三方Marketplace","欧洲市场直销/科技酒店圈口碑/行业展会(WTM/ITB)","1000+集成生态壁垒/支付闭环/欧洲精品酒店口碑","非独立酒店支持相对弱/支付功能地区限制","1400名员工多元团队/工程文化/快速迭代/收购Frontdesk Anywhere等8家公司"
"VEGA / Groupe QuatuHoRe","法国本土PMS","法国（2023年被意大利Zucchetti集团收购）","规模较小/2000+法国客户/12,000日活用户/Zucchetti集团约8000名员工","法国独立酒店/小型连锁/餐厅+住宿组合经营","SaaS订阅+本地支持服务","按物业/模块订阅/法国本地化报价","SaaS年费+实施+培训","PMS/收银系统/前台管理/餐饮管理/报表","NF525合规认证(法国税法强制)/本地语言+本地支持/区域服务网络","法国为主+欧洲部分市场","深度法国本地化/NF525认证/全法语支持/区域技术服务团队","混合云架构/部分本地部署选项/法国数据合规","与主流OTA/法国本地分销平台对接","法国本地销售网络/行业协会/直销","NF525合规认证+法国市场积累+Zucchetti集团资源","国际扩张能力弱/现代化UI体验不足","法国本地员工为主/区域服务文化/Zucchetti集团培训体系接入"
"D-EDGE","酒店分销/CRS（Accor 100%全资子公司）","法国巴黎","100+员工/覆盖150+国/团队遍布25+国/服务17,000+家酒店/支持20种语言","独立酒店/精品连锁/欧亚市场中高端酒店","SaaS订阅+技术服务费","按渠道/模块订阅/营销服务另计","SaaS年费+数字营销代理费+渠道管理费","CRS/渠道管理器/预订引擎/数字营销/GDS解决方案/网站建设","渠道管理器20,000+用户/Hotel Angels全天服务文化/技术+营销双轮驱动","150+国/欧亚市场/巴黎总部","法国市场最深度本地技术合作伙伴/巴黎总部/法语优先","现代云架构/多PMS兼容/开放API","与所有主流OTA/GDS/PMS/CRM无缝对接","Accor品牌背书遗产/行业口碑/巴黎酒店圈人脉","Accor技术基因+17,000+家酒店覆盖+Hotel Angels服务文化","非自有PMS(需配合第三方)/中小市场获客成本高","巴黎总部多语言团队/Hotel Angels服务人员均具备酒店行业背景"
"Amadeus IT Group（酒店解决方案）","全球旅游IT巨头（含酒店板块）","西班牙马德里","21,600名员工/2024年营收61亿€/R&D投入13.65亿€/覆盖190+市场","大型国际连锁/豪华品牌/全球旗舰酒店","SaaS订阅+实施费+GDS交易费","按模块/交易量/规模报价/企业合同","SaaS年费+GDS booking费+实施维护","Amadeus CRS/PMS/收益管理/分销/支付/数据智能全栈","GDS+直销+OTA全渠道分发能力/2024年与Accor签署ACRS全球合同/企业级数据","190+市场/全球100+办公室","法国本地团队/与Accor深度战略合作/法语完全支持","云优先/混合部署/企业级安全架构","与全球所有主流OTA/GDS/支付系统全面集成","全球旅游业直销+行业顶级展会+Accor等战略客户背书","GDS网络+全球分销能力+190市场覆盖","实施周期长/中小酒店门槛极高/高度定制成本高","21,600名员工/Top Employer认证/Great Place to Work/R&D占收入22%"
"Reservit","法国本土预订/渠道管理系统","法国","员工约30-100人/法国本土独立软件供应商/Google Reviews 4.7分/近300个分销渠道合作","法国独立酒店/小型连锁/民宿","SaaS订阅+设置费","按物业/频道数量月度订阅","SaaS月费+增值服务","预订引擎/渠道管理/官网预订/OTA对接","本地化极强/20+年法国市场积累/近300渠道分发/法语专属支持/Google Review 4.7高分","法国为主/欧洲部分","深度法国本地化/全法语界面+支持/法国独立酒店标准化合规","云原生/轻量化SaaS","近300个OTA/分销渠道对接","法国本地销售+行业展会(Top Resa等)","20+年积累+300渠道网络+高客户满意度","国际化扩张能力弱/产品功能相对基础","法国本地团队/专注酒店行业/高粘性老客户维护文化"
"Apaleo","API优先新一代PMS","德国慕尼黑","约100-150名员工/2017年成立/覆盖欧洲+北美/无大额融资披露","科技型连锁/设计感精品物业/CitizenM等","纯SaaS订阅","按房间数月度订阅/按API使用量计费","SaaS月费+API调用费","Apaleo PMS(API-first)/开放平台/无内置功能限制/纯API构建","世界上最开放的PMS/任意第三方系统均可通过API接入/citizenM 8周迁移7500间房标杆案例","欧洲+北美/法国有Korner Hotels/easyHotel等落地客户","法国有标杆客户/法语支持/欧洲中心战略","完全云原生/API-first架构/无本地部署","100%开放API/所有功能均可通过API访问/无集成限制","科技酒店圈口碑/技术社区/行业峰会","开放性无可比拟/科技酒店圈强口碑/迁移成本低","需自建或购买附加功能/适合技术能力强的运营商","德国工程师文化/API-first技术团队/精英小团队"
"Infor Hospitality","企业级酒店管理软件","美国纽约（Infor总部/Koch Industries旗下）","Infor集团约17,000名员工/集团年营收约30亿美元/Koch Industries财力支撑","大型连锁/豪华度假村/MICE大型宴会酒店","SaaS订阅+本地部署+实施服务","企业级定制报价/多年合同","SaaS/许可证+实施维护年费","Infor HMS/收益管理/销售宴会管理/餐饮管理/多物业管理","MICE宴会功能行业领先/Hyatt/Mandarin Oriental等顶级客户背书/Koch企业级财力","全球主要市场/法国Saint James Paris等豪华酒店客户","法国有豪华酒店客户/法语支持/欧洲有本地团队","混合架构(云+本地部署可选)/企业级安全","与主流OTA/GDS/企业差旅管理系统集成","直销大型企业客户/行业顶级展会/战略伙伴","MICE功能领先+Koch财力背书+大型客户品牌效应","中小酒店门槛极高/UI老化/实施复杂","Infor全球学习平台/酒店行业专属培训/企业级人才体系"
"Medialog","法国本土老牌PMS","法国巴黎（1988年成立）","约20-60名员工/1400+法国客户/1988年成立/专注独立酒店+餐饮住宿","法国小型独立酒店/餐厅+住宿/B&B","SaaS订阅+本地实施","按模块/物业月度订阅","SaaS月费+实施+培训+支持","Medialog PMS/前台管理/报表/餐饮一体化/会计对接","1988年老牌/1400+法国客户信任/混合云+本地架构/7×24法语专属支持","法国为主","深度法国本地化/1400+法国独立酒店客户/全法语界面+支持/本地合规","混合云+本地部署/法国数据合规优先","与主流OTA(Booking/Expedia)及法国本地渠道对接","法国本地直销+口碑推荐+行业协会","38年本地积累+高客户粘性+7×24法语支持","产品现代化程度不足/国际化能力弱","法国本地老牌团队/高稳定性/服务文化深植"
