"公司名","类型","总部","规模","B端客户","C端客户","商业模式","定价模式","收入来源","核心服务","增值服务","覆盖范围","产品亮点","供应模式","质量管控","人才体系","本地化","竞争壁垒","劣势","线上获客","线下获客","获客亮点","服务质量管控","客服体系"
"Accor","国际连锁/多品牌","法国巴黎","5682家/85万间/110国","酒店主特许&管理合同","全球商旅+休闲旅客","特许经营+管理合同(asset-light)","动态定价","特许费+管理费+会员衍生","多品牌矩阵住宿","ALL会员积分/餐饮/娱乐","全球110国全星级","全球最大会员体系+40+品牌矩阵","70%加盟+25%管理+5%直营","年度审计+神秘顾客+NPS","330,000名员工/110国；Accor Academy(1985年欧洲首家企业大学)/2020年来累计训练19M+小时/90%员工每年接受培训/100+培训课程；Heartist®品牌文化(员工=心+艺术家)；RiiSE多元化计划覆盖85国/内部晋升+35%；2024招聘11万+人(每4分钟一名新员工)；合作200+院校/Inspire毕业生项目/TakeOff!创新赛；领导力培训：Step-Up+高潜力计划+全球领导力计划；薪酬占比4.2%用于upskilling；无CV招聘机制('job au talent')创新录用","极高/各国独立团队","规模+会员+品牌广度","决策链长/经济品牌老化","accor.com+ALL App+OTA合作","企业差旅协议+旅行社+会展","ALL会员体系是最强留存工具","品牌标准+NPS监控","24/7多语言+ALL App客服"
"B&B Hotels","经济型连锁","法国巴黎","900家/8.2万间/17国（已更正）","酒店主特许经营","商务旅客+预算型旅客","特许经营为主","动态定价/官网最低价","特许费+直营房费","标准化经济住宿","早餐(可选)/部分停车","欧洲+巴西2-3星市场","性价比极高+床铺质量","60%加盟+40%直营","年度审计+评分底线要求","约20,000名员工/17国；标准化SOP培训体系/各酒店GM+前台+客务统一操作手册；精简组织结构以控制成本；无独立企业大学；管理层主要通过内部晋升或同类经济型酒店平行引进","法德等核心市场有团队","欧洲扩张速度+价格竞争力","品牌单一/无个性化/利润薄","官网+OTA+Google Hotels","企业差旅协议","价格透明无隐费","统一标准+客评反馈总部","电话+在线客服/效率优先"
"Louvre Hotels Group","中型连锁/多品牌","法国巴黎","1750+家/15.6万间/70国（已更正）","酒店主特许&管理合同","家庭+商务旅客","特许经营+管理合同","动态定价/中央CRS","特许费+管理费+直营收入","超经济至中高档多品牌住宿","锦江积分/Campanile餐厅","50国全球2-4星","锦江中国渠道导流中国游客","80%加盟+部分管理","年度审计+顾客满意度","University U企业大学/定制培训课程；多元化招聘文化(multicultural/multi-skills)；总部位于Puteaux(巴黎西郊)/全球1700+酒店；欧洲HR运营中心(Benelux团队)/职能部门含开发/法务/财务/电子分销；内部晋升机制对所有员工开放/不限学历背景；锦江国际(母公司)体系下全球人才共享","法国深度本地化+中国母公司资源","法国第二规模+锦江背书","品牌认知混乱/老化问题/文化摩擦","官网+OTA+锦江预订平台","企业差旅+旅行社","锦江平台覆盖中国出境游客","统一标准+区域团队巡检","法/英+中文客服(中国游客)"
"Brit Hotel","法国本土加盟联合体","法国雷恩","180家/8000间/仅法国","独立酒店主","法国本地商务+区域休闲旅客","品牌授权+联合采购联合体","各店自主定价+联合促销","加盟费+会员服务费+预订佣金","本地特色中档住宿+餐饮","免费停车+会议室+本地菜肴","100%法国境内2-4星","本地属性强+连锁品质+人情味","100%加盟/集团无资产","合同标准要求+区域代表巡访","以加盟商为主/各酒店独立雇员；集团层面提供在线培训手册和操作规范；无专属企业培训学院；人才体系相对轻量/依赖成员自主管理","高度本地化/家族经营","法国本地市场深耕+低加盟门槛","仅限法国/数字化弱/国际知名度零","brithotel.fr+OTA(依赖度高)","区域销售+本地企业差旅协议","区域本地口碑+企业长期合同","NPS监测+月度反馈报告","各酒店自主+电话预订中心"
"Oceania Hotels","法国家族直营连锁","法国布雷斯特","31家/3000间/仅法国","不对外加盟(直营)","法国商务旅客+家庭旅客","100%直营家族持股","动态定价/官网有竞争力","直营房费+餐饮收入","3-4星本地化温馨住宿","SPA/健身/本地特色早餐/会议套餐","法国核心城市+布列塔尼","家族管理服务一致性+布列塔尼地区标杆","100%直营/家族全资","总部直接管理/统一采购培训","家族文化/强调内部稳定和忠诚度；员工流动率低于行业平均水平；高管团队核心成员任职10年+；内部晋升优先/外部引进针对总部职能岗位；无正式企业大学但有标准化服务培训手册","极度本地化/布列塔尼地标品牌","服务稳定+区域品牌忠诚度","资本受限/扩张慢/无国际竞争力","oceaniahotels.com+OTA","布列塔尼企业差旅合同+旅游局","布列塔尼区域领导者地位","集团统一标准/总经理直报","法语为主+前台个人化服务"
"Logis Hotels","独立酒店联合体/软品牌","法国巴黎","约2000家/覆盖法国及欧洲","独立家族酒店主","法国家庭+徒步/公路旅行者+文化游客","会员联合体(非特许)","各成员自主定价","会员年费+预订佣金+品牌服务费","本地特色1-3星住宿+餐饮","各店特色餐厅(核心差异)/""床+好饭""","法国+比利时+西班牙等农村小镇","欧洲最大独立酒店聚合/在地真实体验","100%加盟联合体/无自有资产","壁炉评级+年度资质审查","以加盟独立酒店主为主/员工归属各成员酒店；集团层面提供在线培训平台和最佳实践共享；各成员酒店规模小(多为家庭经营)/人才结构简单；Logis总部约50-80人负责品牌运营和商务拓展","极致本地化/家族2-3代经营","独立+规模结合+GDS接入","质量参差/数字化落后/年轻认知下降","logishotels.com+OTA+GDS","法国旅游服务处+旅行社+农村旅游机构","公路游旅行者的传统首选品牌","壁炉评级+年度审核+评价监测","总部预订中心+各店自主客服"
"Honotel","酒店投资+运营管理公司","巴黎（法国）","53家酒店/4个欧洲国家/资产6亿欧元","私募股权/家族办公室/私人地产持有者","商务旅客+休闲旅客（Lifestyle/精品/青旅细分）","管理委托合同（mandate）+自有投资","管理费（收入/利润分成）+投资回报","管理费+自有资产运营收益","收益管理+在线分销+财务管理+HR管理","Capex资产重新定位+数字化工具+法规合规","法国为主+欧洲4国","2024年RevPAR指数116（MKG）显著跑赢市场","混合（自有投资+第三方管理合同）","内部管理平台+KPI监控+月度绩效审查","管理团队来自ESSEC/Cornell等顶级院校/核心高管平均从业20年+；约100名专业员工/运营+资产管理双线组织；专注高端酒管委托/注重客户关系维护；精英小团队文化/高专业深度低规模扩张","法国为主/欧洲拓展初期","投资+运营利益高度一致/25名总部专家团队","规模较小（53家）/国际品牌背书不足","全渠道OTA+GDS+官网+收益管理工具","企业客户直销团队+行业论坛+业主关系网络","高RevPAR业绩口碑吸引业主托管","内部平台统一标准+KPI+月度审查+定期审计","数字化个性化服务+可持续运营体系"
"Atypio Hotel Expérience","酒店投资+运营管理公司（含餐饮/农业）","法国","41家酒店/4250间客房/25家餐厅/30个目的地/1.5亿欧元年管理营业额","机构投资者/共同投资者（BPIFrance/Extendam等）","商务旅客+休闲旅客（65%四星级标准）","共同投资+委托管理双轨（2/3自有/1/3第三方）","运营收入分成+资产管理费","酒店运营+餐饮收入+资产管理费","酒店全链条管理+资产翻新与重新定位","À l'Épicerie餐饮品牌+城市农业+SPA+会议活动服务","法国30个目的地","多元业务协同（住宿+餐饮+农业+wellness）差异化显著","混合（2/3共同投资自营+1/3第三方委托）","Accor品牌审核+内部月度绩效追踪+翻新改造确保硬件达标","联创背景：EHL(洛桑酒店学院)+Deloitte；约40名专业团队/40%+员工专注B2B商务拓展；精英顾问文化/重视行业人脉和交易撮合能力；无标准化培训体系/靠个人专业积累驱动","法国本地深耕/30目的地网络","投资+运营+餐饮+农业四维平台/与Accor深度绑定","规模中型/高度依赖Accor品牌体系/国际化有限","Accor品牌官网+ALL会员+OTA+GDS","专属商务销售团队+企业/MICE/体育团队渠道+旅行社","À l'Épicerie品牌与城市农业故事驱动差异化口碑","Accor标准审核+内部绩效追踪+翻新硬件保障","多元体验一致性管理+可持续CSR承诺"
"somnOO","酒店业主+运营商（Owner-Operator一体化）","法国","65家酒店/4500间客房/法国+德国2国","共同投资者/酒店资产持有人","商务+休闲旅客（以三星级为主）","Owner-Operator自持自营（逐步增持多数股份）","运营收入+资产增值分成","酒店运营收入+资产增值","酒店运营全链+品牌特许经营管理","自研多品牌IT平台+IDEAS收益管理工具+数字化财务","法国（85%）+德国（15%）","Owner-Operator模式避免利益冲突/年均新增8家稳健增长","自有为主（Owner-Operator）+85%品牌特许经营","月度绩效评审+工业化内部审计+品牌标准联动","50年+累计行业经验(创始团队)；创业文化/扁平管理/去中心化分权；规模小(估计20-40人)；无正式人才培养体系/经验型团队为核心竞争力","法法德两地市场/法国为主","Owner-Operator利益一致性/自研IT平台/Crédit Mutuel+BPI双重金融支持","规模扩张较慢/资本周期长/品牌知名度有限","Accor/Best Western品牌分销+OTA+自研IT平台","内部商务销售团队+行业展会+投资者网络","业主运营商高度投入感+知名品牌流量背书","月度绩效审查+工业化审计流程+7×24数字化数据平台","品牌服务规范+本地自主运营文化结合"
"WiZiU（Covivio旗下品牌）","酒店管理平台（Covivio集团内部运营部门）","法国（里尔等）","24家酒店/3120间客房/法国+比利时/9城市/约1000员工/资产约5亿欧元","Covivio集团及共同投资者（前AccorInvest资产）","商务+休闲旅客（2-5星各档位）","直营+品牌特许经营混合（Accor/Marriott/Hilton/IHG）","运营收入分成+资产增值","酒店运营收益+资产增值","酒店全链条管理+资产重新定位+CapEx改造","100%绿钥匙认证/ESG驱动/多元化包容性HR政策","法国+比利时（2国/9城市）","背靠Covivio资本可快速推进大规模资产重新定位及品牌升级","直营为主（Covivio自有资产）+品牌特许经营","品牌方定期审核+WiZiU内部运营标准+工程维护安全团队","母公司Covivio约1000名员工(覆盖地产+酒店板块)；WiZiU负责人为前INDEVHO运营副总裁；Covivio强调多元化和包容性文化；作为Covivio旗下品牌可调用集团HR和财务资源/但酒店运营端较独立","深耕法比边境及核心城市","Covivio强大资本支撑+欧洲地产资源+国际品牌组合","规模小（24家）/独立品牌知名度低/强依赖Covivio战略","国际品牌分销网络（ALL/Bonvoy/Honors/IHG）+OTA+WiZiU官网","Covivio企业关系网络+本地商务销售团队","国际知名品牌流量背书无需独立建立市场认知","绿钥匙ESG认证+品牌标准审核+WiZiU内部标准","品牌服务规范+员工满意度管理驱动一线服务质量"
"Trilogy Hospitality","酒店管理与咨询公司（轻资产/专注独立酒店）","里昂（Lyon，法国）","规模较小/无公开门店数量数据","独立酒店业主/私人投资者/酒店开发商","各类入住旅客（间接服务）","顾问咨询+管理合同双轨/高度定制化","服务费+管理费（定制化收费）","管理服务费+专项咨询费","全生命周期酒店管理（市场研究/开业筹备/运营管理/人才发展）","品牌选择建议+加盟谈判+媒体PR+数字营销","法国（主要覆盖）","不强制品牌/保护酒店个性/""量身定制""为核心差异化","纯第三方轻资产管理（无资产持有）","定制化KPI+财务报告+现场巡查（保密透明）","四位联创均拥有20年+从业经验(高端独立酒店+国际连锁双线背景)；'现场主义'文化/高管直接参与日常运营；规模精小/估计15-30人核心团队；无正式培训学院/强调实战经验传承","法国本地化/专注高端精品独立酒店细分","双重专业背景（独立+国际连锁）+高度定制化服务","规模极小/品牌知名度低/依赖创始人人脉网络","官方网站+联系表单（无大规模数字营销）","行业人脉+创始人口碑+本地酒店业社群","创始团队顶级酒店经历驱动的口碑获客","定制化KPI+现场巡查+财务报告（全程保密）","为酒店自有团队提供培训支持+服务设计+标准制定"
"The Originals Hotels","独立酒店合作社（cooperative franchise）","法国","330+家酒店/主要覆盖法国（含部分国际）/8-300间客房规模不等","独立酒店主（年费会员制加盟）","追求本地化/真实性体验的休闲旅客+国内商务出行者","合作社型品牌联盟（cooperative）/成员保持独立经营","年费+中央预订佣金（向成员收取）","会员服务费+中央预订佣金","统一品牌营销+GDS/OTA分销+忠诚计划+商务销售赋能","主题体验包（Wellness/Gourmet/Nature等）+礼品卡+企业会议支持","法国全境为主/有一定国际覆盖","独立+连锁两大优势融合/""独立匠人""差异化叙事","纯加盟（合作社加盟/无资产持有/无运营介入）","六类子品牌服务基准+第三方平台评分外部监督+CSR/绿色认证","集团总部约150-200人专业团队/含分销/营销/收益管理/商务拓展四大职能；各成员酒店独立雇员/集团层面不直接管理前线员工；提供品牌培训和服务标准工具包给成员酒店；以独立酒店主为服务对象/注重保留其独立经营个性","极强（每家成员均为本地业主自营）","330+家成员网络规模效应+独立性与连锁资源融合+强叙事差异化","无法强制服务标准/品质参差不齐/品牌知名度弱于国际连锁","官方直订网站+Amadeus GDS+OTA协议（+68%OTA企业渠道增长）+The Originals Club忠诚计划","企业差旅市场专项拓展（TMC合作）+成员酒店本地商务开发","独立匠人内容营销叙事+直订最优价承诺+GDS快速增长（2023年+34%）","子品牌服务基准+第三方平台评分+会员满意度调查+CSR可持续标准","成员酒店为第一责任方+合作社培训支持+最佳实践分享"
